Date,Code,AdjO,AdjH,AdjL,AdjC,AdjVo
2026-03-02,72030,3685.0,3957.0,3652.0,3944.0,44611800.0
2026-03-03,72030,3800.0,3801.0,3673.0,3702.0,50592000.0
2026-03-04,72030,3660.0,3669.0,3497.0,3520.0,34266800.0
2026-03-05,72030,3600.0,3635.0,3481.0,3481.0,31699400.0
2026-03-06,72030,3490.0,3543.0,3470.0,3515.0,20575900.0
2026-03-09,72030,3299.0,3423.0,3295.0,3393.0,28223800.0
2026-03-10,72030,3463.0,3517.0,3432.0,3473.0,22222100.0
2026-03-11,72030,3501.0,3569.0,3500.0,3510.0,15207900.0
2026-03-12,72030,3510.0,3511.0,3417.0,3467.0,19335000.0
2026-03-13,72030,3360.0,3432.0,3360.0,3370.0,22705700.0
2026-03-16,72030,3370.0,3380.0,3328.0,3338.0,18079900.0
2026-03-17,72030,3377.0,3394.0,3357.0,3379.0,11542500.0
2026-03-18,72030,3359.0,3424.0,3359.0,3404.0,15583800.0
2026-03-19,72030,3360.0,3374.0,3316.0,3325.0,23090100.0
2026-03-23,72030,3278.0,3280.0,3190.0,3251.0,22909400.0
2026-03-24,72030,3321.0,3336.0,3258.0,3271.0,16565700.0
2026-03-25,72030,3389.0,3420.0,3328.0,3338.0,18556700.0
2026-03-26,72030,3383.0,3388.0,3348.0,3388.0,16107200.0
2026-03-27,72030,3355.0,3434.0,3346.0,3408.0,28198100.0
2026-03-30,72030,3204.0,3237.0,3168.0,3224.0,30941700.0
2026-03-31,72030,3200.0,3252.0,3162.0,3162.0,26872400.0
